{"title":"Kostel Sv. Mořice","languages":{"cs":"Kostel Sv. Mořice","en":"Church of Saint Maurice","de":"St.-Mauritius-Kirche"},"player":{"orbit_control":false,"model_src":"moric/sv_moric.glb","camera_position":"-5.647 -0.063 5.825","model_scale":"30","model_rotation":"-87.76078649776375 -0.23649425372611577 -1.0845839946699414","backgound_color":"black"},"annotations":{"uniqueID1":{"texts":{"cs":{"heading":"Kostel svatého Mořice","text":"Kostel svatého Mořice je <strong>gotický</strong> proboštský farní kostel v <strong>Olomouci</strong>. Patří do farnosti svatého Mořice. Farní kostel svatého Mořice vždy plnil roli hlavního městského chrámu, zatímco katedrála svatého Václava byla metropolitním biskupským chrámem."},"en":{"heading":"Church of Saint Maurice","text":"<p>Church of Saint Maurice (Czech: Kostel svatého Mořice) is a Roman Catholic church in Olomouc, Czech Republic. It is located in the city centre, near the Horní náměstí ('Upper Square') and remains one of the most important landmarks of the city.</p>"},"de":{"heading":"St.-Mauritius-Kirche","text":"<p>Die St.-Mauritius-Kirche (auch St.-Moritz-Kirche, tschechisch Kostel svatého Mořice) ist eine gotische Pfarr- und Propsteikirche in Olomouc (Olmütz) in Tschechien. Sie wurde im 13. Jahrhundert gebaut und danach mehrmals umgebaut und gilt als eines der bedeutendsten Zeugnisse der spätgotischen Architektur in Mähren. Die Moritzkirche wird durch zwei ungewöhnlich asymmetrische Türme beherrscht, die auch unterschiedliche Proportionen besitzen. Sie beherbergt die größte Orgel Tschechiens.</p>"}},"position":"-5.333 0.219 1.649","id":"uniqueID1","heading":"Kostel svatého Mořice","text":"Kostel svatého Mořice je <strong>gotický</strong> proboštský farní kostel v <strong>Olomouci</strong>. Patří do farnosti svatého Mořice. Farní kostel svatého Mořice vždy plnil roli hlavního městského chrámu, zatímco katedrála svatého Václava byla metropolitním biskupským chrámem."}},"galleries":[{"json_gallery_src":"moric/galleries/00_att","parent_id":"uniqueID1","has_full_size_version":true},{"json_gallery_src":"moric/galleries/1613050222572","parent_id":"uniqueID2","has_full_size_version":true},{"json_gallery_src":"moric/galleries/1613050431606","parent_id":"uniqueID2","has_full_size_version":true},{"json_gallery_src":"moric/galleries/1613050797042","parent_id":"uniqueID3","has_full_size_version":true}]}